Metric,Value
Pearson,0.24697128053952025
Spearman,0.24535735143310858
Kendall-Tau,0.18207394712455105
