Metric,Value
Pearson,0.30680585635047747
Spearman,0.303698623388682
Kendall-Tau,0.22860742455650399
