Metric,Value
Pearson,0.37214700428700587
Spearman,0.35474788563365345
Kendall-Tau,0.26909131866223995
