Metric,Value
Pearson,0.22405163528974228
Spearman,0.2148442649070208
Kendall-Tau,0.15840147027398874
